{
  "SearchSkill" : {
    "transaction" : "SearchSkill",
    "sampleCount" : 2,
    "errorCount" : 0,
    "errorPct" : 0.0,
    "meanResTime" : 1188.0,
    "medianResTime" : 1188.0,
    "minResTime" : 1178.0,
    "maxResTime" : 1198.0,
    "pct1ResTime" : 1198.0,
    "pct2ResTime" : 1198.0,
    "pct3ResTime" : 1198.0,
    "throughput" : 0.5422993492407809,
    "receivedKBytesPerSec" : 2.576451498101952,
    "sentKBytesPerSec" : 0.39825108459869846
  },
  "Add Education" : {
    "transaction" : "Add Education",
    "sampleCount" : 2,
    "errorCount" : 0,
    "errorPct" : 0.0,
    "meanResTime" : 106.0,
    "medianResTime" : 106.0,
    "minResTime" : 105.0,
    "maxResTime" : 107.0,
    "pct1ResTime" : 107.0,
    "pct2ResTime" : 107.0,
    "pct3ResTime" : 107.0,
    "throughput" : 0.7701193685021178,
    "receivedKBytesPerSec" : 0.15567842703118984,
    "sentKBytesPerSec" : 0.5211842991913747
  },
  "Delete Education" : {
    "transaction" : "Delete Education",
    "sampleCount" : 2,
    "errorCount" : 0,
    "errorPct" : 0.0,
    "meanResTime" : 3.0,
    "medianResTime" : 3.0,
    "minResTime" : 3.0,
    "maxResTime" : 3.0,
    "pct1ResTime" : 3.0,
    "pct2ResTime" : 3.0,
    "pct3ResTime" : 3.0,
    "throughput" : 0.8022462896109105,
    "receivedKBytesPerSec" : 0.17235760128359406,
    "sentKBytesPerSec" : 0.45204698154833534
  },
  "GetEducation" : {
    "transaction" : "GetEducation",
    "sampleCount" : 6,
    "errorCount" : 0,
    "errorPct" : 0.0,
    "meanResTime" : 106.0,
    "medianResTime" : 105.5,
    "minResTime" : 103.0,
    "maxResTime" : 111.0,
    "pct1ResTime" : 111.0,
    "pct2ResTime" : 111.0,
    "pct3ResTime" : 111.0,
    "throughput" : 1.246623727404945,
    "receivedKBytesPerSec" : 0.6553702212757117,
    "sentKBytesPerSec" : 1.3062766206108456
  },
  "Total" : {
    "transaction" : "Total",
    "sampleCount" : 18,
    "errorCount" : 0,
    "errorPct" : 0.0,
    "meanResTime" : 297.05555555555554,
    "medianResTime" : 109.0,
    "minResTime" : 3.0,
    "maxResTime" : 1198.0,
    "pct1ResTime" : 1180.0,
    "pct2ResTime" : 1198.0,
    "pct3ResTime" : 1198.0,
    "throughput" : 3.4782608695652177,
    "receivedKBytesPerSec" : 3.1638737922705316,
    "sentKBytesPerSec" : 2.3833786231884058
  },
  "Signin" : {
    "transaction" : "Signin",
    "sampleCount" : 6,
    "errorCount" : 0,
    "errorPct" : 0.0,
    "meanResTime" : 352.83333333333337,
    "medianResTime" : 353.0,
    "minResTime" : 349.0,
    "maxResTime" : 357.0,
    "pct1ResTime" : 357.0,
    "pct2ResTime" : 357.0,
    "pct3ResTime" : 357.0,
    "throughput" : 1.5873015873015872,
    "receivedKBytesPerSec" : 0.7626488095238095,
    "sentKBytesPerSec" : 0.5549355158730159
  }
}