{
  "SearchSkill" : {
    "transaction" : "SearchSkill",
    "sampleCount" : 2,
    "errorCount" : 0,
    "errorPct" : 0.0,
    "meanResTime" : 1173.5,
    "medianResTime" : 1173.5,
    "minResTime" : 1171.0,
    "maxResTime" : 1176.0,
    "pct1ResTime" : 1176.0,
    "pct2ResTime" : 1176.0,
    "pct3ResTime" : 1176.0,
    "throughput" : 0.5491488193300385,
    "receivedKBytesPerSec" : 2.60899316996156,
    "sentKBytesPerSec" : 0.403281164195497
  },
  "Add Education" : {
    "transaction" : "Add Education",
    "sampleCount" : 2,
    "errorCount" : 0,
    "errorPct" : 0.0,
    "meanResTime" : 106.0,
    "medianResTime" : 106.0,
    "minResTime" : 106.0,
    "maxResTime" : 106.0,
    "pct1ResTime" : 106.0,
    "pct2ResTime" : 106.0,
    "pct3ResTime" : 106.0,
    "throughput" : 0.777302759424796,
    "receivedKBytesPerSec" : 0.1571305382821609,
    "sentKBytesPerSec" : 0.5260457151185387
  },
  "Delete Education" : {
    "transaction" : "Delete Education",
    "sampleCount" : 2,
    "errorCount" : 0,
    "errorPct" : 0.0,
    "meanResTime" : 3.0,
    "medianResTime" : 3.0,
    "minResTime" : 3.0,
    "maxResTime" : 3.0,
    "pct1ResTime" : 3.0,
    "pct2ResTime" : 3.0,
    "pct3ResTime" : 3.0,
    "throughput" : 0.8093889113719143,
    "receivedKBytesPerSec" : 0.1738921489275597,
    "sentKBytesPerSec" : 0.45607168150546334
  },
  "GetEducation" : {
    "transaction" : "GetEducation",
    "sampleCount" : 6,
    "errorCount" : 0,
    "errorPct" : 0.0,
    "meanResTime" : 105.16666666666667,
    "medianResTime" : 105.0,
    "minResTime" : 104.0,
    "maxResTime" : 107.0,
    "pct1ResTime" : 107.0,
    "pct2ResTime" : 107.0,
    "pct3ResTime" : 107.0,
    "throughput" : 1.2547051442910915,
    "receivedKBytesPerSec" : 0.6596187526139691,
    "sentKBytesPerSec" : 1.3147447459222084
  },
  "Total" : {
    "transaction" : "Total",
    "sampleCount" : 18,
    "errorCount" : 0,
    "errorPct" : 0.0,
    "meanResTime" : 296.61111111111103,
    "medianResTime" : 106.5,
    "minResTime" : 3.0,
    "maxResTime" : 1176.0,
    "pct1ResTime" : 1171.5,
    "pct2ResTime" : 1176.0,
    "pct3ResTime" : 1176.0,
    "throughput" : 3.491078355314197,
    "receivedKBytesPerSec" : 3.1755327531031807,
    "sentKBytesPerSec" : 2.3921614381303336
  },
  "Signin" : {
    "transaction" : "Signin",
    "sampleCount" : 6,
    "errorCount" : 0,
    "errorPct" : 0.0,
    "meanResTime" : 357.16666666666663,
    "medianResTime" : 354.0,
    "minResTime" : 350.0,
    "maxResTime" : 369.0,
    "pct1ResTime" : 369.0,
    "pct2ResTime" : 369.0,
    "pct3ResTime" : 369.0,
    "throughput" : 1.5923566878980893,
    "receivedKBytesPerSec" : 0.765077627388535,
    "sentKBytesPerSec" : 0.5567028264331211
  }
}